1,google.com
2,facebook.com
3,youtube.com
4,yahoo.com
5,baidu.com
6,wikipedia.org
7,live.com
8,twitter.com
9,qq.com
10,amazon.com
11,linkedin.com
12,blogspot.com
13,taobao.com
14,google.co.in
15,yahoo.co.jp
16,sina.com.cn
17,google.de
18,msn.com
19,google.com.hk
20,yandex.ru
21,wordpress.com
22,bing.com
23,ebay.com
24,google.co.jp
25,google.co.uk
26,babylon.com
27,google.fr
28,vk.com
29,microsoft.com
30,weibo.com
31,googleusercontent.com
32,163.com
33,soso.com
34,apple.com
35,mail.ru
36,tumblr.com
37,google.com.br
38,pinterest.com
39,google.es
40,paypal.com
41,google.it
42,google.ru
43,craigslist.org
44,xhamster.com
45,blogger.com
46,sohu.com
47,fc2.com
48,go.com
49,imdb.com
50,bbc.co.uk
51,xvideos.com
52,ask.com
53,tmall.com
54,youku.com
55,google.com.mx
56,hao123.com
57,google.ca
58,flickr.com
59,conduit.com
60,odnoklassniki.ru
61,avg.com
62,ifeng.com
63,t.co
64,tudou.com
65,livejasmin.com
66,cnn.com
67,pornhub.com
68,thepiratebay.se
69,amazon.co.jp
70,aol.com
71,ebay.de
72,amazon.de
73,adobe.com
74,espn.go.com
75,rakuten.co.jp
76,google.co.id
77,zedo.com
78,adf.ly
79,alibaba.com
80,google.com.tr
81,huffingtonpost.com
82,mywebsearch.com
83,redtube.com
84,stackoverflow.com
85,about.com
86,google.com.au
87,ebay.co.uk
88,sogou.com
89,amazon.co.uk
90,google.pl
91,netflix.com
92,uol.com.br
93,360buy.com
94,livedoor.com
95,imgur.com
96,instagram.com
97,dailymotion.com
98,wordpress.org
99,godaddy.com
100,nytimes.com
101,alipay.com
102,youporn.com
103,cnet.com
104,globo.com
105,mediafire.com
106,360.cn
107,bp.blogspot.com
108,ameblo.jp
109,weather.com
110,adcash.com
111,chinaz.com
112,incredibar.com
113,xnxx.com
114,ehow.com
115,google.nl
116,4shared.com
117,google.com.sa
118,vimeo.com
119,livejournal.com
120,doubleclick.com
121,douban.com
122,searchnu.com
123,google.com.ar
124,dropbox.com
125,renren.com
126,neobux.com
127,kat.ph
128,bankofamerica.com
129,dailymail.co.uk
130,wigetmedia.com
131,reddit.com
132,search-results.com
133,indiatimes.com
134,tube8.com
135,pconline.com.cn
136,tianya.cn
137,deviantart.com
138,badoo.com
139,chase.com
140,blogfa.com
141,google.com.pk
142,google.com.eg
143,mozilla.org
144,foxnews.com
145,aweber.com
146,secureserver.net
147,amazonaws.com
148,spiegel.de
149,google.cn
150,blogspot.com.br
151,cnzz.com
152,goo.ne.jp
153,stumbleupon.com
154,warriorforum.com
155,google.co.th
156,google.co.za
157,56.com
158,nicovideo.jp
159,torrentz.eu
160,etsy.com
161,sourceforge.net
162,squidoo.com
163,slideshare.net
164,walmart.com
165,wikimedia.org
166,comcast.net
167,addthis.com
168,liveinternet.ru
169,softonic.com
170,fiverr.com
171,clicksor.com
172,wellsfargo.com
173,wikia.com
174,google.co.ve
175,allegro.pl
176,zol.com.cn
177,depositfiles.com
178,themeforest.net
179,letv.com
180,photobucket.com
181,xinhuanet.com
182,onet.pl
183,outbrain.com
184,amazon.cn
185,fbcdn.net
186,reference.com
187,answers.com
188,google.com.my
189,booking.com
190,guardian.co.uk
191,hootsuite.com
192,skype.com
193,people.com.cn
194,bild.de
195,statcounter.com
196,ucoz.ru
197,salesforce.com
198,google.com.vn
199,pengyou.com
200,scribd.com
201,soundcloud.com
202,yesky.com
203,google.gr
204,google.com.co
205,google.be
206,download.com
207,rapidshare.com
208,myspace.com
209,xunlei.com
210,uploaded.net
211,free.fr
212,optmd.com
213,sweetim.com
214,leboncoin.fr
215,rediff.com
216,archive.org
217,flipkart.com
218,it168.com
219,isohunt.com
220,profitclicking.com
221,wsj.com
222,58.com
223,w3schools.com
224,files.wordpress.com
225,youjizz.com
226,domaintools.com
227,naver.com
228,yelp.com
229,5000pk.com
230,filestube.com
231,nbcnews.com
232,taringa.net
233,ilivid.com
234,hostgator.com
235,mgid.com
236,kakaku.com
237,samsung.com
238,google.com.ua
239,adultfriendfinder.com
240,google.com.tw
241,telegraph.co.uk
242,aliexpress.com
243,rutracker.org
244,google.at
245,google.se
246,wp.pl
247,yieldmanager.com
248,web.de
249,google.ro
250,soku.com
251,csdn.net
252,hatena.ne.jp
253,orange.fr
254,bet365.com
255,cam4.com
256,github.com
257,libero.it
258,kaixin001.com
259,iqiyi.com
260,paipai.com
261,rambler.ru
262,funmoods.com
263,hp.com
264,indeed.com
265,2345.com
266,gmx.net
267,php.net
268,tlbb8.com
269,dianxin.cn
270,ups.com
271,china.com
272,putlocker.com
273,google.com.ph
274,reuters.com
275,xing.com
276,4399.com
277,tripadvisor.com
278,hudong.com
279,imageshack.us
280,etao.com
281,tlbb2.com
282,espncricinfo.com
283,pandora.com
284,washingtonpost.com
285,ikea.com
286,forbes.com
287,tagged.com
288,google.com.pe
289,target.com
290,media.tumblr.com
291,wordreference.com
292,hulu.com
293,ameba.jp
294,thefreedictionary.com
295,google.ch
296,google.com.ng
297,hardsextube.com
298,amazon.fr
299,nfl.com
300,mashable.com
301,yourlust.com
302,narod.ru
303,google.com.sg
304,mercadolivre.com.br
305,youdao.com
306,pof.com
307,soufun.com
308,weebly.com
309,ero-advertising.com
310,in.com
311,google.cl
312,pchome.net
313,bestbuy.com
314,rapidgator.net
315,clickbank.com
316,blogspot.co.uk
317,dell.com
318,dangdang.com
319,movie2k.to
320,linkbucks.com
321,torrentz.in
322,groupon.com
323,360tl.com
324,ku6.com
325,shutterstock.com
326,constantcontact.com
327,terra.com.br
328,digitalpoint.com
329,extratorrent.com
330,huanqiu.com
331,hurriyet.com.tr
332,tlbbsifu.com
333,businessinsider.com
334,sergey-mavrodi.com
335,9gag.com
336,usps.com
337,t-online.de
338,popads.net
339,att.com
340,ebay.it
341,siteadvisor.com
342,ebay.com.au
343,ebay.in
344,twoo.com
345,aili.com
346,kooora.com
347,bitauto.com
348,goal.com
349,mixi.jp
350,mailchimp.com
351,ganji.com
352,marca.com
353,nih.gov
354,drtuber.com
355,milliyet.com.tr
356,blogspot.de
357,autohome.com.cn
358,joomla.org
359,51job.com
360,gazeta.pl
361,kaskus.co.id
362,typepad.com
363,americanexpress.com
364,seomoz.org
365,seznam.cz
366,engadget.com
367,bluehost.com
368,gutefrage.net
369,google.pt
370,java.com
371,xe.com
372,infusionsoft.com
373,drudgereport.com
374,uimserv.net
375,vancl.com
376,pcauto.com.cn
377,ask.fm
378,ebay.fr
379,4dsply.com
380,xcar.com.cn
381,zanox.com
382,zimbio.com
383,naver.jp
384,angege.com
385,2ch.net
386,google.co.hu
387,elpais.com
388,fedex.com
389,cj.com
390,detik.com
391,google.cz
392,ig.com.br
393,cntv.cn
394,chip.de
395,battle.net
396,pch.com
397,speedtest.net
398,blogspot.jp
399,nifty.com
400,turbobit.net
401,informer.com
402,gsmarena.com
403,usatoday.com
404,seesaa.net
405,abcnews.go.com
406,agoda.com
407,techcrunch.com
408,ign.com
409,mycalendarbook.com
410,google.dk
411,livedoor.biz
412,match.com
413,leo.org
414,y8.com
415,adultadworld.com
416,aizhan.com
417,ezinearticles.com
418,iminent.com
419,elmundo.es
420,freelancer.com
421,1channel.ch
422,goodreads.com
423,webs.com
424,letitbit.net
425,bannersbroker.com
426,w3.org
427,xgo.com.cn
428,ndtv.com
429,alimama.com
430,yandex.ua
431,dmm.co.jp
432,homeway.com.cn
433,verizonwireless.com
434,mpnrs.com
435,beeg.com
436,vnexpress.net
437,istockphoto.com
438,peyvandha.ir
439,wix.com
440,over-blog.com
441,surveymonkey.com
442,lemonde.fr
443,hdfcbank.com
444,empowernetwork.com
445,google.dz
446,google.no
447,126.com
448,jimdo.com
449,avito.ru
450,adnxs.com
451,newegg.com
452,realclearpolitics.com
453,twitpic.com
454,kuxun.cn
455,histats.com
456,dianping.com
457,google.ae
458,naukri.com
459,meetup.com
460,irctc.co.in
461,varzesh3.com
462,capitalone.com
463,hubpages.com
464,adserverplus.com
465,imesh.com
466,abril.com.br
467,mlb.com
468,ning.com
469,repubblica.it
470,myfreecams.com
471,wikihow.com
472,commentcamarche.net
473,tjosurveys.com
474,bloomberg.com
475,jobrapido.com
476,fotolia.com
477,google.co.il
478,mop.com
479,sape.ru
480,10086.cn
481,lzjl.com
482,accuweather.com
483,google.fi
484,largeporntube.com
485,nba.com
486,buzzfeed.com
487,clixsense.com
488,mihanblog.com
489,softpedia.com
490,bitly.com
491,daum.net
492,akamaihd.net
493,stackexchange.com
494,blackhatworld.com
495,viadeo.com
496,livescore.com
497,swagbucks.com
498,webmd.com
499,zillow.com
500,bleacherreport.com
